Date,country,User_name,Email,Followers
10/6/2022,Sweden,rmazdon0,cfaustian0@redcross.org,70874
8/16/2023,Czech Republic,nwesthoff1,ffost1@webs.com,17231
7/24/2023,Honduras,eperone2,thowlett2@house.gov,35902
6/2/2023,Uganda,jjzhakov3,fgeistmann3@webnode.com,63898
9/7/2023,Finland,cpriddy4,gdrinnan4@cdbaby.com,63104
5/27/2023,Brazil,jpykerman5,jdewsnap5@seesaa.net,8874
4/10/2023,Jordan,tchelley6,irigmond6@kickstarter.com,54492
8/18/2023,Ivory Coast,nmatley7,lezzle7@walmart.com,44961
9/22/2023,Indonesia,mvossing8,jlimeburner8@yellowbook.com,17693
2/8/2023,China,rdarrington9,mmontague9@addthis.com,93710
8/5/2023,Indonesia,jlyptratta,asymsa@sourceforge.net,57094
12/14/2022,Lithuania,kskippingb,manslowb@nationalgeographic.com,22102
4/15/2023,Portugal,eaxelc,tberzonsc@yale.edu,97123
7/13/2023,China,hlozanod,egilligand@netvibes.com,75421
10/17/2022,Uruguay,abuseke,mchadneye@independent.co.uk,2192
3/18/2023,France,rkasmanf,bmorenof@indiegogo.com,1028
8/10/2023,China,junittg,ifitzsimong@virginia.edu,14743
11/19/2022,Greece,mrobathamh,pdemangeoth@epa.gov,53926
11/15/2022,Ireland,ckittlei,ngoddingi@cyberchimps.com,16960
7/10/2023,South Africa,ggobertj,cbinnionj@fda.gov,48760
10/5/2022,Poland,cdhooghek,hguynemerk@statcounter.com,66860
8/24/2023,Japan,shadyel,bridgewelll@furl.net,88773
6/22/2023,China,rleacockm,amcglonem@shop-pro.jp,35682
8/4/2023,China,gveschambesn,nhabbonn@mayoclinic.com,13365
8/14/2023,Philippines,czanollio,bwabyo@squidoo.com,72066
1/29/2023,Portugal,abarensenp,dstraughanp@skyrock.com,73482
12/9/2022,Canada,ameleskq,ijenningsq@shop-pro.jp,77298
11/22/2022,Russia,elambertinir,icheerr@networksolutions.com,94955
6/22/2023,China,nsegers,ataggs@wunderground.com,6177
8/6/2023,China,cmcgeffent,kruddellt@amazon.co.jp,72737
12/8/2022,Germany,ajellymanu,lfiginu@hugedomains.com,3815
8/1/2023,Colombia,gbissellv,ttebbuttv@issuu.com,4944
6/16/2023,Ireland,dtetfordw,dfarniew@sfgate.com,16902
11/1/2022,Brazil,akinworthyx,rlidgardx@arizona.edu,97903
8/23/2023,Sweden,fsuttiey,ktimewelly@cdbaby.com,91303
8/30/2023,China,ajosskovitzz,rnolderz@elpais.com,81010
11/9/2022,Philippines,hdearlove10,jlabastida10@discuz.net,48260
4/26/2023,Russia,snaul11,mhazelton11@nyu.edu,80974
7/18/2023,Namibia,mtaplow12,ebritton12@yahoo.co.jp,44736
1/31/2023,Norway,ddickins13,tlanfer13@chron.com,470
8/1/2023,Thailand,ajunifer14,crudderham14@drupal.org,71463
2/21/2023,Venezuela,feckhard15,jdecarteret15@themeforest.net,34977
1/10/2023,Venezuela,frhyme16,sscatchar16@vk.com,24717
1/3/2023,Indonesia,mbarmby17,aklaussen17@youtu.be,82115
3/6/2023,Iran,trattenberie18,ceagers18@sciencedirect.com,47316
12/15/2022,Saudi Arabia,kfinden19,bfaire19@unesco.org,15413
1/16/2023,South Africa,shattoe1a,aosmint1a@trellian.com,1756
3/17/2023,Greece,cdiviny1b,dgorelli1b@utexas.edu,15472
12/31/2022,Cape Verde,erivalland1c,bolivet1c@infoseek.co.jp,66322
2/22/2023,Malaysia,rrisdall1d,maisman1d@sciencedirect.com,70991
9/17/2023,China,scesco1e,maitken1e@sakura.ne.jp,87973
5/5/2023,China,kleathley1f,sboxhill1f@creativecommons.org,36018
6/26/2023,Russia,thagley1g,icruikshank1g@scientificamerican.com,78107
8/9/2023,Sweden,srosengren1h,ckaindl1h@linkedin.com,80875
4/18/2023,Albania,awalkowski1i,balgate1i@t-online.de,31675
6/6/2023,Bulgaria,eroncelli1j,rionnidis1j@sun.com,18600
8/17/2023,Indonesia,telletson1k,dlafay1k@smh.com.au,24669
3/2/2023,Czech Republic,adelazenne1l,tdantonio1l@ebay.co.uk,11511
6/13/2023,Canada,hscouse1m,aalbertson1m@utexas.edu,17872
10/28/2022,Russia,mwaadenburg1n,kyeardsley1n@indiegogo.com,58466
1/24/2023,Indonesia,psouthard1o,rgabby1o@narod.ru,34182
2/13/2023,Macedonia,rmatten1p,bglennard1p@blogspot.com,22114
11/25/2022,Sweden,mlegg1q,hiacovolo1q@angelfire.com,73721
5/14/2023,South Africa,bslay1r,lallmark1r@eventbrite.com,23394
7/15/2023,Thailand,lmcginn1s,agerretsen1s@patch.com,96444
7/10/2023,China,jjellis1t,jberntsson1t@163.com,47552
1/14/2023,Taiwan,bbeentjes1u,jferraretto1u@godaddy.com,21807
2/26/2023,China,hmccarry1v,rbrambill1v@vinaora.com,29071
1/17/2023,China,kklyner1w,ashotboult1w@a8.net,20045
2/8/2023,China,dbrimilcome1x,aburl1x@ustream.tv,90561
1/9/2023,Brazil,gdoughtery1y,nhender1y@4shared.com,34774
2/12/2023,Belgium,mfitzsymons1z,atassaker1z@rakuten.co.jp,94463
6/1/2023,Brazil,ptrevains20,mboard20@paypal.com,9898
5/8/2023,Indonesia,elazer21,pheselwood21@imageshack.us,79421
1/7/2023,United States,lromaines22,sesslemont22@infoseek.co.jp,21857
2/14/2023,Russia,btewes23,esherlock23@google.it,9355
2/12/2023,Russia,jcollingdon24,lbenoit24@bbb.org,35756
5/26/2023,Poland,pcoddington25,tcess25@ftc.gov,65554
11/29/2022,Moldova,zmosdall26,peckert26@jimdo.com,32867
9/27/2023,China,vkleinhaut27,bdibernardo27@csmonitor.com,58646
12/4/2022,France,jboocock28,akollas28@hhs.gov,82592
9/6/2023,Brazil,olilliman29,ljager29@alexa.com,64677
4/13/2023,Georgia,shainsworth2a,fdilleway2a@cocolog-nifty.com,64439
3/8/2023,Philippines,kdevile2b,dthorlby2b@hibu.com,20622
4/10/2023,Vietnam,bgarraway2c,sgillease2c@canalblog.com,32359
4/21/2023,United States,ddowding2d,gstetlye2d@ow.ly,59793
12/15/2022,Thailand,dwybourne2e,lchasmar2e@usgs.gov,5808
5/4/2023,Philippines,ctinmouth2f,sboyland2f@istockphoto.com,85745
11/11/2022,China,ffurmedge2g,emelwall2g@gmpg.org,35189
11/6/2022,Brazil,dlemery2h,bmegson2h@php.net,82624
12/25/2022,Philippines,mcockerell2i,iaverall2i@businessweek.com,96341
8/10/2023,Portugal,cnoakes2j,bbantock2j@elegantthemes.com,13887
1/29/2023,Tanzania,karlidge2k,ccarlson2k@nationalgeographic.com,75061
9/16/2023,Brazil,bharnott2l,alaird2l@imageshack.us,387
11/13/2022,China,dcongram2m,jteese2m@japanpost.jp,60215
8/11/2023,Indonesia,mstanmer2n,btolliday2n@patch.com,36046
2/7/2023,Philippines,acogman2o,arussell2o@scientificamerican.com,90549
8/2/2023,China,iheaven2p,sdone2p@si.edu,63126
7/5/2023,France,jbeecraft2q,mfairman2q@icq.com,43757
1/29/2023,Sweden,gbenkhe2r,nkneller2r@miitbeian.gov.cn,82181
9/26/2023,China,lelcy2s,bmathewson2s@blogs.com,91634
9/7/2023,Greece,tgaliero2t,edongall2t@adobe.com,52472
9/29/2023,Philippines,mmate2u,rgodsafe2u@youtube.com,75524
10/16/2022,Indonesia,mfinessy2v,deuplate2v@wunderground.com,37922
11/11/2022,Indonesia,imartschke2w,rbucknill2w@apache.org,2
12/19/2022,Croatia,odore2x,ugoundrill2x@dyndns.org,12949
1/31/2023,Republic of the Congo,mdenis2y,bclaricoats2y@lycos.com,47658
7/17/2023,Solomon Islands,bpiddington2z,flanfranconi2z@xrea.com,48252
7/17/2023,Russia,pmengue30,tcostelow30@arstechnica.com,47376
1/20/2023,Croatia,gaimeric31,vbeddows31@weather.com,84328
4/28/2023,El Salvador,abachelor32,eblackborne32@elegantthemes.com,80047
7/17/2023,Indonesia,cbortolussi33,djanuary33@sohu.com,81645
10/2/2022,United States,kblanch34,aloosley34@cpanel.net,94497
11/13/2022,Mongolia,mvaller35,jstuther35@techcrunch.com,36947
3/1/2023,Indonesia,mveazey36,smadre36@sitemeter.com,28956
7/1/2023,Portugal,mhadden37,vboggish37@delicious.com,65275
3/27/2023,Cuba,mcromblehome38,khadny38@slashdot.org,67059
2/27/2023,China,aornells39,afranzel39@hibu.com,45338
7/11/2023,China,snana3a,gigounet3a@purevolume.com,35654
8/27/2023,United States,pstolberger3b,rdaysh3b@artisteer.com,54221
1/28/2023,New Zealand,ecollard3c,aturmell3c@google.ru,77487
1/3/2023,China,sviel3d,welster3d@nbcnews.com,86525
10/14/2022,Russia,dtwittey3e,cswalwel3e@topsy.com,87261
10/1/2022,Peru,pfurbank3f,acockran3f@lulu.com,66493
3/27/2023,China,cvella3g,cpearcy3g@archive.org,61586
1/29/2023,China,abrighouse3h,rbisp3h@1und1.de,25494
1/2/2023,China,gskryne3i,awalby3i@ox.ac.uk,46565
12/18/2022,Philippines,afreke3j,thuddart3j@sphinn.com,30993
1/7/2023,Sudan,qworpole3k,cfulk3k@g.co,20399
1/13/2023,Thailand,lhammerberg3l,amoysey3l@pbs.org,90009
8/26/2023,Brazil,fcockshoot3m,cbroadfield3m@delicious.com,77714
12/18/2022,Portugal,epenhall3n,tdeath3n@free.fr,51188
6/7/2023,Indonesia,kdugall3o,mchopping3o@amazon.com,77302
8/4/2023,South Korea,jbleythin3p,cbogaert3p@csmonitor.com,72177
8/19/2023,Czech Republic,odown3q,dmeininking3q@kickstarter.com,87188
4/15/2023,Montserrat,mfish3r,escryne3r@epa.gov,57967
8/25/2023,Poland,tbassham3s,sduffie3s@blinklist.com,95584
5/17/2023,Indonesia,dparradine3t,respadate3t@army.mil,3741
4/10/2023,Indonesia,lmacelharge3u,opeller3u@squidoo.com,86171
1/9/2023,Chad,krolf3v,cjoss3v@arizona.edu,14427
2/18/2023,Sweden,dkeeping3w,dtait3w@over-blog.com,76437
8/1/2023,Bulgaria,gmcgonigal3x,ashillingford3x@wisc.edu,17753
1/22/2023,China,bbottomore3y,bflooks3y@google.co.jp,67163
1/4/2023,France,lgodleman3z,ewigginton3z@time.com,73753
3/3/2023,Indonesia,cogborn40,hswinfen40@google.co.jp,83503
5/8/2023,Dominican Republic,sbamlet41,lrubinlicht41@creativecommons.org,11945
4/18/2023,Israel,bnansom42,bcoult42@hostgator.com,53391
8/17/2023,Portugal,mozelton43,lhardi43@eventbrite.com,60457
10/26/2022,Egypt,tlethcoe44,jmorrish44@answers.com,93519
7/1/2023,Morocco,arainbow45,esevior45@nytimes.com,41559
1/19/2023,Russia,prodell46,smontez46@ed.gov,74819
1/29/2023,Poland,rivantsov47,taddicott47@flavors.me,35339
6/19/2023,Ukraine,epickford48,emostyn48@phpbb.com,2887
6/13/2023,Russia,dcasseldine49,ktromans49@so-net.ne.jp,8829
8/25/2023,Portugal,tpheby4a,gcolman4a@shinystat.com,16061
1/13/2023,Philippines,wpurrier4b,tjambrozek4b@usgs.gov,43345
3/5/2023,China,schipchase4c,eblackmoor4c@usnews.com,58538
11/21/2022,Czech Republic,cbennet4d,mthursby4d@ezinearticles.com,25359
1/23/2023,Dominican Republic,rvellacott4e,mcrannell4e@paginegialle.it,88622
4/29/2023,Russia,mwoolis4f,abowlas4f@eventbrite.com,9668
10/12/2022,Indonesia,chenstone4g,cgreguol4g@ted.com,20320
4/7/2023,China,aganiclef4h,ibalaam4h@studiopress.com,69376
6/13/2023,Gabon,rlines4i,csoames4i@jugem.jp,49342
9/17/2023,Serbia,jknowlson4j,mbowra4j@prlog.org,30186
6/22/2023,China,pcarrel4k,hjeromson4k@prweb.com,81247
8/11/2023,China,sarnaldy4l,asnalham4l@time.com,9168
9/25/2023,Philippines,hharris4m,mellacombe4m@dailymail.co.uk,23465
5/4/2023,China,cpetren4n,bbotwright4n@businessweek.com,94394
2/2/2023,China,vbogays4o,epepper4o@tumblr.com,70791
1/18/2023,Nepal,rfuzzey4p,dwildbore4p@netlog.com,45681
2/15/2023,China,blaingmaid4q,mpartleton4q@narod.ru,10296
5/24/2023,Russia,cridolfo4r,ahightown4r@lulu.com,14505
4/19/2023,China,xbolley4s,athornally4s@chicagotribune.com,41093
10/7/2022,Indonesia,cbradford4t,rpaulack4t@house.gov,82293
1/10/2023,Greece,ctroup4u,byo4u@nymag.com,56736
9/1/2023,Argentina,mberrick4v,jdowall4v@lycos.com,12401
12/18/2022,Malawi,ybrabin4w,ctregiddo4w@europa.eu,7323
10/5/2022,Thailand,eabyss4x,cdeclercq4x@pcworld.com,66942
12/21/2022,Indonesia,kcurzon4y,lville4y@deviantart.com,45148
6/22/2023,Indonesia,rroomes4z,tcouth4z@comsenz.com,60049
3/18/2023,Philippines,wbedle50,kdemico50@chicagotribune.com,70498
8/19/2023,China,zbussy51,msams51@washington.edu,74214
9/21/2023,Kenya,vcolter52,dcompston52@independent.co.uk,40409
7/31/2023,Burkina Faso,bgeorgius53,etarte53@quantcast.com,29485
3/9/2023,Indonesia,bbrimmacombe54,kblofeld54@mozilla.org,94705
12/12/2022,Poland,aborrott55,jskidmore55@discovery.com,80976
8/22/2023,Russia,tleverage56,gsupple56@shareasale.com,20638
2/21/2023,Brazil,bfrisdick57,lkolushev57@home.pl,1461
8/16/2023,Hungary,mpetschelt58,bbrewood58@delicious.com,39493
3/7/2023,Venezuela,jbartomieu59,meggleson59@wired.com,73954
3/1/2023,Croatia,mdealey5a,bchinn5a@illinois.edu,55631
8/12/2023,Brazil,lanyene5b,zedy5b@people.com.cn,39700
7/7/2023,Belarus,ddoidge5c,chancock5c@oracle.com,28428
10/21/2022,Finland,gashenhurst5d,cgrazier5d@histats.com,46722
2/27/2023,China,dhaylock5e,sabercromby5e@ox.ac.uk,27485
2/16/2023,China,mkubek5f,rlaffling5f@nationalgeographic.com,51568
12/5/2022,Indonesia,salonso5g,wthuillier5g@craigslist.org,93446
2/6/2023,France,bkarczinski5h,bmacgillespie5h@joomla.org,81961
10/11/2022,Vietnam,wdonavan5i,kceeley5i@example.com,34463
1/17/2023,Nepal,iollie5j,rczadla5j@google.com,98643
6/28/2023,Ukraine,agenney5k,ndrysdall5k@telegraph.co.uk,46720
1/22/2023,China,slegen5l,rbaggally5l@naver.com,91026
11/5/2022,Panama,cgummoe5m,sgoundrill5m@wisc.edu,94432
1/18/2023,China,amarlow5n,rmacgiany5n@wp.com,46625
1/17/2023,Russia,jcluley5o,jcroney5o@statcounter.com,86863
2/11/2023,Bulgaria,fschops5p,mcasillas5p@webmd.com,10845
8/22/2023,Japan,eolek5q,sgaitone5q@google.ca,7763
3/5/2023,China,chartell5r,vmcgillivrie5r@cpanel.net,79070
3/22/2023,Czech Republic,kgorioli5s,fgerritsma5s@nyu.edu,90218
3/28/2023,Philippines,rdegoy5t,jhargitt5t@angelfire.com,87028
7/4/2023,Portugal,hkeaysell5u,lshorthouse5u@delicious.com,54983
10/14/2022,Russia,bludmann5v,sborrington5v@hud.gov,54925
7/2/2023,Russia,csimanek5w,aheminsley5w@tinyurl.com,8015
6/15/2023,Indonesia,ckellog5x,apettengell5x@adobe.com,95181
2/3/2023,Brazil,gprosek5y,mdarter5y@va.gov,72258
4/11/2023,Indonesia,ogarnam5z,abroszkiewicz5z@flavors.me,4718
6/15/2023,Sweden,acorbally60,kdowsing60@ucsd.edu,78214
6/1/2023,Denmark,pmcneilly61,dheaphy61@friendfeed.com,55857
8/8/2023,Indonesia,agarr62,wwickliffe62@zdnet.com,28712
7/11/2023,China,dfosten63,cgoldbourn63@earthlink.net,59385
10/18/2022,Nepal,mcapnor64,agoreisr64@oakley.com,89708
6/21/2023,China,whollow65,bsirkett65@hugedomains.com,54657
3/1/2023,China,bdockery66,bphilippsohn66@shop-pro.jp,99938
3/31/2023,Japan,bdella67,wfrancklyn67@nifty.com,47168
5/29/2023,China,pnassey68,hcable68@yahoo.co.jp,12410
9/12/2023,Russia,mrobertis69,atanton69@artisteer.com,55922
1/5/2023,Uruguay,rvanyukhin6a,jeddisforth6a@goo.gl,79294
9/30/2023,United States,tbrunker6b,jbiskupiak6b@blogger.com,82538
8/16/2023,Greece,iloncaster6c,awoollcott6c@weibo.com,82544
10/18/2022,Czech Republic,agilhooley6d,cdunton6d@aboutads.info,26557
9/15/2023,China,wpranger6e,cthireau6e@vk.com,75854
3/20/2023,France,bgumme6f,ereder6f@indiatimes.com,75679
8/13/2023,China,rlorie6g,vdesouza6g@foxnews.com,71113
4/13/2023,Honduras,wfidgett6h,skensitt6h@phpbb.com,12553
10/10/2022,Palestinian Territory,ddmisek6i,tpetren6i@pagesperso-orange.fr,89118
11/24/2022,China,gmarchello6j,gafield6j@zimbio.com,69094
12/26/2022,China,gfloyed6k,fserrier6k@census.gov,20784
1/25/2023,Greece,jbarrs6l,gwhiskin6l@macromedia.com,58016
5/21/2023,Venezuela,bdodshun6m,cbullick6m@netvibes.com,27129
11/22/2022,Ethiopia,chugonet6n,hsnozzwell6n@posterous.com,98570
6/3/2023,Greece,mprobert6o,rwalling6o@comsenz.com,31876
9/10/2023,Costa Rica,canan6p,bbroy6p@cpanel.net,34910
3/21/2023,Finland,cgallamore6q,adorking6q@amazon.co.uk,2532
5/21/2023,China,smcquilliam6r,knice6r@rediff.com,60136
8/18/2023,China,cscatchar6s,sstickells6s@cnet.com,2206
1/27/2023,Spain,ctooher6t,omazzia6t@wordpress.org,81820
10/10/2022,Portugal,sreckhouse6u,oburden6u@blinklist.com,10479
9/1/2023,Yemen,morrock6v,rtregoning6v@wikimedia.org,3955
2/19/2023,Portugal,jbeurich6w,ccornforth6w@google.nl,9559
3/23/2023,Russia,gmance6x,tskain6x@behance.net,42333
1/13/2023,Canada,zsissens6y,jduigenan6y@indiegogo.com,98675
3/29/2023,Philippines,eblasl6z,gcolicot6z@miibeian.gov.cn,36017
5/22/2023,Honduras,sdantesia70,cleehane70@feedburner.com,92643
1/17/2023,Indonesia,hmerrisson71,kstoodale71@google.com.au,10763
2/5/2023,Honduras,kklampt72,ylowbridge72@zdnet.com,78898
1/20/2023,Portugal,lblei73,obogie73@bandcamp.com,28355
11/17/2022,Serbia,jmanion74,pdipietro74@nih.gov,17982
6/29/2023,China,cpropper75,chambleton75@adobe.com,75535
9/23/2023,Russia,bgoodson76,kwetherald76@intel.com,38109
3/9/2023,Indonesia,rbranney77,dwhitely77@odnoklassniki.ru,20780
9/9/2023,Poland,btommeo78,lgingles78@dedecms.com,61622
2/28/2023,Peru,skean79,aspargo79@wikia.com,86246
5/14/2023,Myanmar,gpods7a,vcroxall7a@state.tx.us,65703
8/27/2023,Brazil,lsaltrese7b,mgossage7b@tinyurl.com,67148
4/9/2023,Madagascar,apepall7c,rgalbraeth7c@cnet.com,41699
9/4/2023,Sweden,bshuker7d,gorth7d@domainmarket.com,9462
5/6/2023,Netherlands,shardinge7e,gcollimore7e@opera.com,32740
4/20/2023,Poland,rdoyland7f,lairth7f@google.com.hk,92080
9/30/2023,Indonesia,fcattemull7g,rarnaut7g@cnbc.com,33129
3/29/2023,China,lscarffe7h,dbillson7h@virginia.edu,5568
9/17/2023,Germany,jknyvett7i,acreer7i@comcast.net,91492
6/15/2023,Indonesia,dgolledge7j,geskrigg7j@sciencedaily.com,25421
2/20/2023,China,whowbrook7k,lyushin7k@1und1.de,10294
8/8/2023,Sweden,gmaccorkell7l,lhuniwall7l@booking.com,5021
2/17/2023,Indonesia,ksola7m,amanagh7m@nyu.edu,39916
9/15/2023,Philippines,oibbs7n,bpolon7n@drupal.org,41717
8/10/2023,China,pwise7o,jbeardwood7o@booking.com,27334
1/1/2023,Egypt,mjaggi7p,adorken7p@sogou.com,37360
4/27/2023,Brazil,sbonson7q,amingasson7q@flavors.me,46873
5/20/2023,China,jioannou7r,tlarcher7r@imgur.com,45825
9/10/2023,Kyrgyzstan,tdusting7s,awassung7s@ft.com,31597
12/10/2022,Russia,ekarslake7t,sotton7t@cornell.edu,65290
5/28/2023,Indonesia,dwitul7u,ibangle7u@sourceforge.net,80674
9/21/2023,Mauritius,mkonerding7v,igladhill7v@weebly.com,69865
7/11/2023,Japan,hdimitru7w,amilius7w@example.com,9740
4/29/2023,Russia,dhodcroft7x,ccastano7x@ask.com,43988
8/15/2023,Luxembourg,hsavell7y,apolk7y@printfriendly.com,40236
3/25/2023,China,tivatts7z,cbollum7z@behance.net,89007
6/2/2023,United States,fhunnywell80,agallier80@opera.com,56596
9/5/2023,Malaysia,zumbert81,jhamblett81@google.cn,41316
11/28/2022,China,jmonkley82,mmcterry82@youtube.com,47942
2/25/2023,Ukraine,jcapron83,mjeremaes83@jiathis.com,91987
12/14/2022,Indonesia,lianetti84,sgobell84@oaic.gov.au,32532
2/27/2023,Indonesia,dcloake85,ldana85@thetimes.co.uk,382
10/4/2022,China,egut86,mhexum86@nba.com,38229
12/4/2022,Thailand,balvarez87,ewolfe87@kickstarter.com,94319
12/18/2022,Belarus,vmugg88,dbellie88@nasa.gov,48547
2/18/2023,Pakistan,cwoodhams89,fdahlman89@about.me,14734
9/19/2023,Canada,wcrauford8a,jholsall8a@apache.org,26171
7/11/2023,Sweden,single8b,gmousby8b@shop-pro.jp,71567
3/2/2023,Nicaragua,jrosenblum8c,sgair8c@geocities.com,51445
10/13/2022,China,aroddie8d,jbatterson8d@narod.ru,98022
5/28/2023,Mexico,jmactrusty8e,esoff8e@taobao.com,50752
7/5/2023,Japan,kromaint8f,cfontelles8f@aboutads.info,55400
12/20/2022,Philippines,racklands8g,hnorgan8g@creativecommons.org,86755
11/30/2022,China,whackleton8h,rsealeaf8h@marketwatch.com,76617
5/13/2023,Bolivia,cwillgress8i,mbleeze8i@pen.io,38938
1/22/2023,China,lkarp8j,mlyttle8j@nyu.edu,63154
7/19/2023,Peru,ltuvey8k,pmilne8k@soup.io,81847
9/9/2023,China,cwooder8l,lcandie8l@timesonline.co.uk,22747
11/28/2022,Indonesia,lraggitt8m,gbillin8m@purevolume.com,13440
3/18/2023,Saint Lucia,wwheeldon8n,edumingos8n@booking.com,51775
12/29/2022,China,rreims8o,sgecke8o@wordpress.com,17977
1/22/2023,Palestinian Territory,dspawell8p,aeyes8p@prnewswire.com,59017
6/11/2023,Russia,rlodwick8q,gkells8q@google.de,2101
8/22/2023,Nigeria,tpetrello8r,cpicardo8r@sfgate.com,29928
2/9/2023,Czech Republic,afaldoe8s,wdavidov8s@unblog.fr,52534
5/4/2023,Argentina,mtansley8t,mattrie8t@answers.com,31951
4/4/2023,China,tcopnall8u,mrankmore8u@utexas.edu,98073
10/24/2022,Bosnia and Herzegovina,fdulake8v,lfronsek8v@fotki.com,20189
7/26/2023,China,cwellwood8w,bmenere8w@imageshack.us,68207
8/24/2023,Chile,kmoneti8x,imcrae8x@elpais.com,95197
10/19/2022,United States,sdyster8y,dgonneau8y@netvibes.com,32197
6/8/2023,Brazil,mcalbert8z,cpaireman8z@imgur.com,76866
9/20/2023,Peru,nagate90,mdawks90@freewebs.com,13576
2/23/2023,Peru,adeehan91,kericssen91@nydailynews.com,58702
12/26/2022,China,nronayne92,tconlon92@businesswire.com,43903
9/23/2023,Russia,vgrafham93,tmcgarva93@redcross.org,97687
5/22/2023,Portugal,aetridge94,mprall94@angelfire.com,47495
3/17/2023,China,gsowersby95,flandall95@hostgator.com,95127
5/23/2023,China,ldeeney96,llisle96@bbc.co.uk,32376
4/28/2023,Brazil,ajerrold97,rfoxworthy97@uol.com.br,91254
1/22/2023,Brazil,gzanolli98,larnson98@smugmug.com,33504
5/25/2023,French Guiana,blinner99,emcgiffie99@dion.ne.jp,24946
11/9/2022,France,charrismith9a,lblamphin9a@slashdot.org,30263
11/16/2022,Indonesia,skleinhausen9b,tsolland9b@deviantart.com,13154
5/4/2023,France,phuster9c,rstancliffe9c@google.de,7713
3/18/2023,Ukraine,dmactrustrie9d,doxborough9d@newyorker.com,47151
10/22/2022,Indonesia,aventam9e,wkunisch9e@typepad.com,90428
11/27/2022,Equatorial Guinea,elynde9f,iheinsen9f@netvibes.com,27296
5/25/2023,China,clode9g,tkillcross9g@xing.com,74648
10/18/2022,Brazil,eeykelbosch9h,lpetlyura9h@washingtonpost.com,39802
8/28/2023,Armenia,ddelafoy9i,ltelford9i@usgs.gov,3876
8/26/2023,Italy,lspelwood9j,mberrey9j@biglobe.ne.jp,78174
9/27/2023,Netherlands,lquick9k,jbrownstein9k@rakuten.co.jp,84520
7/3/2023,Serbia,cpaeckmeyer9l,ngentile9l@ebay.co.uk,25999
4/3/2023,China,dgorton9m,sdarko9m@com.com,69000
9/28/2023,Sweden,jwhitcher9n,rshillum9n@bloomberg.com,78661
9/4/2023,Sweden,blindfors9o,dsorro9o@biglobe.ne.jp,91905
3/17/2023,Greece,zgeke9p,mboyle9p@uol.com.br,38079
1/14/2023,Russia,wbluschke9q,apatemore9q@samsung.com,24032
9/5/2023,Brazil,mmartynka9r,hhulse9r@skyrock.com,51530
12/1/2022,China,gveillard9s,nshearmur9s@cnet.com,19507
1/5/2023,Brazil,nnapolitano9t,ewillard9t@is.gd,59077
7/25/2023,China,nmalia9u,tskinley9u@wordpress.org,4821
11/22/2022,Madagascar,kmcpeck9v,mslinger9v@boston.com,62810
9/30/2023,China,pmatoshin9w,hdady9w@purevolume.com,22713
8/11/2023,Thailand,mlyte9x,jwestlake9x@rediff.com,31730
1/24/2023,China,vghidoli9y,blinbohm9y@cnet.com,26485
4/14/2023,Czech Republic,lolynn9z,cdeveraux9z@fotki.com,65381
5/2/2023,Japan,bhowisona0,ymckaguea0@google.pl,21315
9/20/2023,China,csterna1,dmcduffya1@ucsd.edu,54798
7/6/2023,China,ezavattieria2,lbecconsalla2@scribd.com,79306
3/7/2023,Belarus,acraigheada3,jdeppera3@weather.com,95765
4/2/2023,Iran,obignella4,ehanniganea4@utexas.edu,34387
12/28/2022,Indonesia,kwillocka5,ecasaccioa5@xinhuanet.com,74509
2/6/2023,United States,lmonckmana6,agallegosa6@foxnews.com,11815
5/29/2023,China,cridesa7,wguestea7@hatena.ne.jp,7723
4/2/2023,China,sbailissa8,htisuna8@si.edu,67939
10/20/2022,Poland,rdowea9,cdelgadilloa9@wsj.com,34743
12/25/2022,Malaysia,afaieraa,glidbetteraa@blogspot.com,28068
3/11/2023,South Africa,bdeinhardab,okellenab@oaic.gov.au,74008
12/24/2022,Russia,lfeldonac,mgregolac@linkedin.com,59732
2/5/2023,South Africa,ehaughad,pmcpaikead@mlb.com,3000
3/6/2023,Thailand,ajumelae,dhugginsae@feedburner.com,74063
6/15/2023,Portugal,ssaturleyaf,fkimberleyaf@thetimes.co.uk,91613
2/20/2023,Montenegro,sdodswellag,bciricag@netvibes.com,30762
7/18/2023,Cuba,cleistah,lvestyah@acquirethisname.com,12666
3/15/2023,Indonesia,aaleshkovai,kgoodburai@howstuffworks.com,15750
9/6/2023,China,awevellaj,jakeherstaj@studiopress.com,1012
10/17/2022,Poland,dbrearak,mwalthoak@cbsnews.com,3263
4/29/2023,China,nkleeal,rhalahanal@spotify.com,25002
11/26/2022,China,mmortlockam,hbuckneyam@zdnet.com,19151
6/12/2023,Russia,skelwaybamberan,sblasgenan@aboutads.info,16475
7/21/2023,China,ldunsfordao,tmeriotao@wikia.com,61578
10/24/2022,El Salvador,rbellissap,mchristalap@unblog.fr,74440
10/25/2022,Colombia,fcorradettiaq,ekoppenaq@google.cn,94285
11/29/2022,Yemen,ltapnerar,bmulheronar@tmall.com,61379
12/2/2022,Croatia,kcaddickas,dcrippenas@zdnet.com,22239
7/22/2023,France,hpedersenat,wprykeat@a8.net,30790
4/29/2023,Indonesia,cpetchau,fdomenyau@harvard.edu,47151
6/21/2023,United States,rdobbynav,cjensonav@google.it,28706
4/23/2023,United States,dkinnyaw,acutforthaw@wix.com,28238
8/19/2023,Indonesia,shoolaghanax,nraymontax@skype.com,8033
4/3/2023,Canada,dsollittay,hmillottay@ox.ac.uk,52558
12/19/2022,Indonesia,cnannettiaz,jsockellaz@chicagotribune.com,10313
2/23/2023,Japan,kscuseb0,sdamsellb0@g.co,688
3/1/2023,South Africa,akeyhoeb1,eouletb1@booking.com,62719
4/30/2023,Norway,lmcilmorieb2,ncreamb2@homestead.com,17304
1/30/2023,Sweden,bhakkingb3,jhamblyb3@shop-pro.jp,89615
10/4/2022,China,rsanhamb4,arasellesb4@theguardian.com,60942
9/1/2023,France,cplummerb5,spepperdb5@jalbum.net,81465
7/21/2023,Indonesia,langlinb6,kmartinonb6@php.net,37262
3/30/2023,Indonesia,lreedmanb7,dbouttellb7@free.fr,19438
10/7/2022,Vietnam,baddamsb8,fmaylinb8@addtoany.com,61884
2/14/2023,United States,agrimditchb9,cwildishb9@alibaba.com,177
3/30/2023,Vietnam,mshorterba,rturgooseba@w3.org,6450
5/2/2023,China,rgerrettbb,amacneishbb@eepurl.com,36488
4/8/2023,China,kyanovbc,rdavidowichbc@diigo.com,31488
1/14/2023,China,jhorsellbd,llandbd@techcrunch.com,63108
12/23/2022,Japan,lsynderbe,dbedborobe@wp.com,19010
5/9/2023,Belarus,rbatterbeebf,fshewanbf@webeden.co.uk,30598
5/23/2023,China,sschwaigerbg,jcolbybg@taobao.com,88829
5/12/2023,Indonesia,bwitherbybh,gmallinsonbh@bandcamp.com,5920
10/31/2022,Venezuela,gmarkelbi,gpoytresbi@google.com.hk,98430
8/8/2023,Morocco,lmcgillivriebj,fblofeldbj@spotify.com,4685
1/26/2023,Indonesia,mskunebk,awhetsonbk@time.com,29075
6/15/2023,Philippines,wbernthbl,hwernybl@phpbb.com,54512
11/18/2022,Indonesia,qboothmanbm,hgilebm@cam.ac.uk,98569
3/13/2023,Lithuania,browdenbn,sbergenbn@facebook.com,60494
4/6/2023,China,sheavenbo,bwisniowskibo@gmpg.org,10900
1/2/2023,Russia,nrouthornbp,nshalesbp@hugedomains.com,47771
8/12/2023,Sweden,tjanewaybq,lchingebq@china.com.cn,56982
6/22/2023,Paraguay,gfruenbr,lmesshambr@zimbio.com,60036
12/25/2022,China,jfaltskogbs,mvallerinebs@live.com,53512
6/7/2023,Russia,gcowpebt,mwerlockbt@house.gov,25397
4/29/2023,Mexico,dgronallerbu,lcrebbinbu@about.me,74207
8/25/2023,Iran,tscanesbv,rdilnotbv@t.co,74282
10/8/2022,China,vtremolieresbw,dpinckedbw@tamu.edu,51654
8/13/2023,Ukraine,scainsbx,dfancettbx@yellowpages.com,62473
2/5/2023,Sweden,lrickerdby,lgreedyby@theglobeandmail.com,32106
4/20/2023,Indonesia,lthunnerclefbz,rmalarkeybz@sina.com.cn,68260
10/2/2022,Japan,vtulipc0,tmcclintonc0@uol.com.br,67475
4/21/2023,Indonesia,bwalthallc1,bpenfoldc1@yandex.ru,7055
8/28/2023,Tanzania,nduffriec2,mpalphramandc2@census.gov,75579
11/5/2022,France,kboolec3,jswyerc3@blogs.com,20307
2/23/2023,Greece,vallcornc4,lcocherc4@blinklist.com,76007
1/17/2023,Kazakhstan,dlivingstonec5,echablec5@nature.com,18836
7/18/2023,Indonesia,gstockenc6,anewbiggingc6@networksolutions.com,70534
9/13/2023,China,doppiec7,dcausleyc7@creativecommons.org,47901
9/17/2023,France,mpatronc8,kanfossic8@xrea.com,7714
12/10/2022,Russia,dlisamorec9,smcpakec9@unblog.fr,26553
2/26/2023,Indonesia,kstrutca,bbonnefinca@slashdot.org,86859
6/27/2023,Canada,dhanigancb,smattingleycb@jalbum.net,34957
7/1/2023,China,msissotcc,ibashamcc@cnbc.com,74445
11/22/2022,South Africa,ksidnallcd,sfalknercd@delicious.com,57655
12/13/2022,Sweden,agilletce,mrobillardce@discuz.net,15187
10/21/2022,Cambodia,ncawthracf,cfletchercf@webnode.com,77991
6/3/2023,Portugal,rsumsioncg,tmeijercg@discuz.net,55020
4/10/2023,Ukraine,lgarlettech,rvermerch@state.gov,74514
12/5/2022,China,acoweci,lgrangeci@example.com,34457
6/7/2023,Chad,bduddycj,drickercj@feedburner.com,2042
4/9/2023,Vietnam,mjancack,fandrzejck@wired.com,70023
6/2/2023,Indonesia,imolecl,dparrattcl@example.com,16023
2/5/2023,China,dweblingcm,sstraniericm@virginia.edu,97610
8/17/2023,Russia,vdwirecn,gtheuffcn@globo.com,29279
10/12/2022,Thailand,gchasteneyco,sdukeco@bizjournals.com,81858
1/5/2023,Philippines,ktitleycp,rlowercp@quantcast.com,96604
4/26/2023,China,scapaldicq,nnisetcq@soup.io,68440
6/20/2023,United States,bllewelyncr,abearnecr@sourceforge.net,94408
10/18/2022,Indonesia,lhousemancs,smorridcs@google.com.au,79637
8/28/2023,United States,mlivingstonct,dletcherct@webeden.co.uk,78293
6/10/2023,United Kingdom,asommercu,bdellenbachcu@freewebs.com,6325
7/29/2023,Thailand,cshakesbycv,agilloppcv@bing.com,2334
4/30/2023,China,tswainsoncw,alynaghcw@yahoo.com,83235
8/15/2023,Finland,bgaukrodgecx,evillaltacx@desdev.cn,46587
10/17/2022,Philippines,bschleswigholsteincy,ashortocy@census.gov,79110
9/5/2023,China,jdascz,wmcclurecz@comsenz.com,14035
6/10/2023,Philippines,kjacobowitsd0,zrobbd0@miibeian.gov.cn,28248
2/2/2023,Indonesia,astruthersd1,cmacelharged1@examiner.com,37779
1/17/2023,Georgia,cfeatherbied2,kmadocjonesd2@mapy.cz,69355
4/28/2023,China,jrysdaled3,shasnipd3@ebay.co.uk,61615
1/9/2023,Peru,hlemerled4,rbreached4@canalblog.com,44907
12/5/2022,United States,hkinderd5,wgullend5@unc.edu,63996
6/5/2023,Kosovo,jwifflerd6,bhammilld6@bloomberg.com,98613
8/22/2023,Poland,aladdsd7,bpageld7@bing.com,35677
9/7/2023,Sweden,gcurdd8,ppeniellod8@is.gd,48186
7/14/2023,Sri Lanka,tbengtsend9,ybeinckend9@indiatimes.com,36753
2/11/2023,Bolivia,sdacostada,amytonda@51.la,40397
4/30/2023,South Korea,jbantockdb,cwandendb@nps.gov,41708
1/1/2023,Madagascar,pkelcherdc,mswaffielddc@slate.com,53685
1/24/2023,Poland,hcastlesdd,bdaunterdd@hibu.com,17712
10/27/2022,Canada,rdobrovskyde,rborderde@msu.edu,46136
6/13/2023,China,lmacarthurdf,rmarkusdf@surveymonkey.com,62003
8/5/2023,Libya,ebockmandg,lolechdg@ustream.tv,46295
9/25/2023,Venezuela,atometdh,ckleesdh@infoseek.co.jp,33152
7/25/2023,China,mourydi,jpetlyuradi@rakuten.co.jp,95108
3/15/2023,Serbia,deldertondj,heveringtondj@g.co,68833
9/5/2023,Mexico,fweekesdk,bdecayettedk@last.fm,30004
4/18/2023,Iran,myaxleydl,asavilldl@quantcast.com,62769
4/6/2023,China,wbentickdm,ascothrondm@kickstarter.com,92956
7/27/2023,Sweden,wlivingstonedn,dbentleydn@youtube.com,46631
9/11/2023,Ukraine,fholtumdo,cendedo@dot.gov,7141
4/9/2023,China,mvallentinedp,stennewelldp@omniture.com,6425
3/16/2023,Germany,hcroisierdq,mcherrymandq@123-reg.co.uk,5109
5/27/2023,Portugal,gamnerdr,hvanderkruysdr@cnbc.com,78552
1/29/2023,Czech Republic,ttremmilds,kblincowds@altervista.org,21594
1/5/2023,China,cbenetdt,lstavesdt@vkontakte.ru,13054
12/12/2022,Croatia,fsmeethdu,spietruschkadu@wordpress.com,6459
10/14/2022,Macedonia,tbraydv,ppinarddv@google.nl,48187
12/19/2022,Thailand,mgillsondw,vdaendw@list-manage.com,74758
4/28/2023,Poland,tellerbydx,acuncarrdx@123-reg.co.uk,34191
11/26/2022,Armenia,abrestondy,gmazonowiczdy@networksolutions.com,99656
5/24/2023,Morocco,cakhurstdz,kmaccombedz@g.co,41872
9/24/2023,France,vstricke0,llouche0@hc360.com,18979
12/11/2022,Czech Republic,shenrikssone1,glauritsene1@nytimes.com,17653
2/24/2023,China,lgoundrye2,ocurlesse2@ezinearticles.com,73688
10/31/2022,Russia,hyakuntzove3,balderseae3@usa.gov,68700
11/16/2022,Syria,wchannere4,mgirkee4@feedburner.com,5991
7/25/2023,Russia,jlonglande5,tgiorgettie5@buzzfeed.com,36121
4/14/2023,Greece,evedekhove6,cadamse6@uiuc.edu,85468
2/18/2023,Guinea,ncassee7,sperche7@php.net,44227
1/12/2023,Guatemala,ghartroppe8,igrittone8@facebook.com,70928
10/15/2022,Albania,fbedinne9,bgreensteade9@printfriendly.com,84034
6/3/2023,Peru,lstatersfieldea,mdmtrovicea@feedburner.com,74377
5/8/2023,Indonesia,kchiezeeb,mgirauldeb@spiegel.de,36553
8/21/2023,China,arockcliffeec,nhatrickec@washington.edu,33873
2/7/2023,Russia,ahundalled,mlebaned@sakura.ne.jp,36497
7/24/2023,Poland,cjankowskiee,mbrunetee@bigcartel.com,6674
6/4/2023,France,krackstrawef,rmatushevichef@xrea.com,56555
5/13/2023,Nigeria,shilldropeg,eyaknoveg@1und1.de,81571
11/1/2022,China,anarracotteh,pvasiljeviceh@bizjournals.com,71975
5/31/2023,Czech Republic,nharfordei,mdeversei@sogou.com,9652
5/15/2023,China,jgudahyej,hdonohoeej@jalbum.net,90136
3/23/2023,Czech Republic,adelaperrelleek,rvandermarkek@patch.com,8421
2/14/2023,Portugal,vbolderoel,strueloveel@whitehouse.gov,82392
6/23/2023,Philippines,minchanem,bsamwayesem@imdb.com,94436
7/23/2023,Malta,spetrieen,lwarcopen@sogou.com,52026
9/25/2023,Venezuela,mbovairdeo,cbeiderbeckeo@yellowpages.com,57733
7/15/2023,China,idenisetep,cpackerep@wufoo.com,52285
1/12/2023,China,fhabineq,sanstereq@illinois.edu,18426
4/17/2023,France,pchurchyarder,smarshlander@godaddy.com,85335
2/19/2023,Indonesia,scolvines,gaustes@ca.gov,17769
6/20/2023,Sweden,lcoverlyet,zhuntonet@lycos.com,190
9/13/2023,China,ssherratteu,vstarmereu@sina.com.cn,47218
10/23/2022,Jordan,cdelacrouxev,gcrossfieldev@adobe.com,68431
8/14/2023,Philippines,dberksew,gvanveldenew@goo.gl,82420
12/25/2022,Peru,ftokleyex,hspurnierex@1688.com,55619
12/2/2022,China,rsurfleetey,dvardeney@smh.com.au,44608
2/26/2023,Canada,sjodlowskiez,jwaberez@nsw.gov.au,96941
7/22/2023,Egypt,rzanicchellif0,ldanilovf0@desdev.cn,64042
12/31/2022,Vietnam,astratfordf1,omcnyschef1@weather.com,95834
1/3/2023,China,middiensf2,kbracknellf2@huffingtonpost.com,93151
7/15/2023,Indonesia,hkeddlef3,jmoormanf3@ameblo.jp,7634
8/28/2023,China,abougenf4,wcalveleyf4@dagondesign.com,60863
4/17/2023,Albania,abuttlef5,acoitf5@histats.com,1509
4/11/2023,Poland,bsharlandf6,rscottf6@mysql.com,97484
3/20/2023,Burkina Faso,jvasyaevf7,hwithersf7@spotify.com,59332
7/1/2023,United States,cgorussof8,sboldersonf8@dedecms.com,44309
8/8/2023,Indonesia,asarlf9,tmcconnultyf9@ning.com,74272
2/10/2023,Jamaica,kfassbindlerfa,siowarchfa@networksolutions.com,85307
6/6/2023,China,gjennofb,jaspallfb@china.com.cn,13650
5/8/2023,China,cjonasfc,agoddingfc@youtube.com,40030
3/20/2023,Portugal,pchavezfd,amontillafd@msu.edu,29686
8/23/2023,Indonesia,grimbaultfe,aallpressfe@goodreads.com,46551
11/16/2022,United States,ddurnallff,mosgorbyff@networksolutions.com,67281
7/16/2023,China,mpurchonfg,fbarzfg@alexa.com,33523
1/10/2023,Argentina,bbeertfh,cliliefh@oracle.com,28678
2/2/2023,Russia,aainscowfi,fkimmonsfi@bbc.co.uk,25994
9/10/2023,Indonesia,aspencefj,igubbinsfj@dell.com,46253
12/28/2022,Indonesia,acoultassfk,gdeesonfk@tmall.com,35267
8/9/2023,Russia,gasserfl,afawlteyfl@wix.com,71876
9/16/2023,Greece,hskewesfm,cpeaurtfm@canalblog.com,32949
5/9/2023,Russia,bbeynefn,arangellfn@drupal.org,39123
11/15/2022,Sudan,bsetterthwaitfo,lokkerfo@lycos.com,34689
1/23/2023,France,fbudgefp,mstychfp@whitehouse.gov,41271
10/19/2022,Sweden,gaureliusfq,srippingallfq@theguardian.com,57841
3/30/2023,Poland,gbothramfr,htrippittfr@ucoz.com,24385
11/3/2022,Indonesia,pgeorgeonfs,dmyattfs@cnet.com,35839
8/23/2023,Malta,afinckenft,mjearumft@kickstarter.com,42620
10/22/2022,Dominican Republic,awillisfu,ptewkesburyfu@paypal.com,75756
5/9/2023,Philippines,kalphonsofv,dfitzroyfv@europa.eu,91484
12/25/2022,Egypt,ajuppfw,cwitcombfw@sakura.ne.jp,55134
5/3/2023,Portugal,hpennamanfx,sscarrattfx@umn.edu,89754
10/27/2022,Indonesia,ecrowsonfy,astinchcombefy@nsw.gov.au,35949
2/27/2023,China,calldrittfz,kgillowfz@reverbnation.com,64817
5/7/2023,Croatia,atolang0,egoodsellg0@statcounter.com,29794
10/12/2022,Venezuela,mbumbyg1,ogiurong1@jiathis.com,36002
5/17/2023,Brazil,speplawg2,lrufflesg2@ustream.tv,25163
12/15/2022,China,hgemeaug3,tdederickg3@blinklist.com,65253
6/23/2023,Poland,btynewellg4,blippog4@twitpic.com,47126
10/6/2022,China,sbinnellg5,kshineg5@mac.com,554
11/23/2022,Philippines,rpenninog6,amcalessg6@netlog.com,58315
5/11/2023,France,acroneg7,seagletong7@vimeo.com,67720
3/29/2023,China,blabuschg8,cgoning8@yolasite.com,31808
12/10/2022,Portugal,afallisg9,hbrooseg9@symantec.com,43929
7/23/2023,China,lnendickga,ttonguega@umn.edu,80497
12/7/2022,Indonesia,dhissiegb,jkennicottgb@unc.edu,77249
11/29/2022,Egypt,hboshergc,mtalboygc@etsy.com,2465
5/4/2023,Peru,tachesongd,jvallendergd@nhs.uk,49487
11/22/2022,Philippines,onastge,lhargravege@stanford.edu,29226
11/29/2022,Nigeria,gpietrigf,fwoltongf@blogtalkradio.com,58126
3/10/2023,Philippines,lsinnettgg,mgillyattgg@github.com,36308
12/24/2022,Venezuela,thaneygh,rkonmanngh@themeforest.net,88171
10/1/2022,Indonesia,ctwelvetreesgi,pdorrangi@salon.com,85021
7/22/2023,Sweden,asmidmoregj,ccaddgj@gravatar.com,8736
9/9/2023,Dominican Republic,rstreetgk,fnevingk@abc.net.au,99636
12/1/2022,Russia,vshoebothamgl,pvennersgl@topsy.com,84115
8/7/2023,Russia,esanzgm,ddewickegm@gmpg.org,79746
6/7/2023,Ireland,cstandfieldgn,whollowsgn@google.com.au,97796
3/8/2023,China,cmanselgo,bbendlego@salon.com,3904
7/30/2023,China,fdevericksgp,gcongrevegp@archive.org,13830
2/23/2023,China,btortoisegq,wshuardgq@barnesandnoble.com,25228
2/6/2023,Finland,lsichagr,bilyushkingr@diigo.com,98174
3/22/2023,Slovenia,ebettongs,ikalinskygs@hexun.com,85799
5/31/2023,Serbia,cablittgt,fbukowskigt@sina.com.cn,10429
5/31/2023,Sweden,rlebretongu,skellawaygu@quantcast.com,66508
1/27/2023,United Kingdom,pkilcoynegv,rdurtnalgv@buzzfeed.com,15233
5/19/2023,Nicaragua,gdaversgw,anickolsgw@theguardian.com,45333
8/14/2023,Greece,mstorekgx,alondsdalegx@sciencedirect.com,66803
5/10/2023,Philippines,qhallowaygy,bnaceygy@google.com.au,30429
2/10/2023,Greece,crudigergz,wwarrendergz@theglobeandmail.com,12440
9/6/2023,Russia,bkinmanh0,cducaenh0@google.de,96886
7/4/2023,Peru,dcowh1,aalessandrellih1@blinklist.com,77395
8/3/2023,China,aburnsideh2,gwoodfinh2@ebay.com,9771
10/21/2022,France,wfilipczynskih3,acharretteh3@liveinternet.ru,22255
3/13/2023,China,dbutterwickh4,ddrinnanh4@instagram.com,68085
4/19/2023,Indonesia,dwhooleyh5,ahayfordh5@seesaa.net,36150
10/16/2022,Czech Republic,cmundayh6,jsimonetth6@blog.com,15293
12/2/2022,Yemen,drubih7,tgresonh7@nature.com,20263
3/27/2023,Philippines,ptraillh8,brudgerdh8@google.es,45778
1/20/2023,United States,sdiggleh9,isaunth9@wiley.com,18069
3/22/2023,Honduras,rollenbuttelha,mthomenha@answers.com,24059
4/19/2023,Japan,crisomhb,hmeenyhb@wix.com,81206
10/4/2022,China,jprucknerhc,agerhtshc@patch.com,61719
5/6/2023,Honduras,mclitsomehd,lcacaciehd@nbcnews.com,2844
11/10/2022,Greece,hyearsleyhe,wlohmeyerhe@uiuc.edu,22178
8/10/2023,China,raitkenhf,hlanegranhf@sogou.com,99634
1/16/2023,Croatia,calsinahg,locorranehg@ebay.com,1181
4/4/2023,Colombia,hfranehh,ocosterdhh@biblegateway.com,83065
2/10/2023,China,mshevelinhi,tdevenishhi@typepad.com,69738
3/5/2023,Cuba,kavardhj,hcranmerehj@aboutads.info,46809
4/8/2023,Croatia,lzealanderhk,dallwrighthk@sfgate.com,29988
8/23/2023,China,edelascyhl,wscotfurthhl@noaa.gov,80201
2/13/2023,Brazil,sloguehm,gboyethm@comcast.net,24758
7/6/2023,Bosnia and Herzegovina,rrothwellhn,pbirtwislehn@umn.edu,85531
8/8/2023,China,kscarlettho,gcardoho@nbcnews.com,56835
3/17/2023,Latvia,shuberthp,aelmerhp@toplist.cz,68339
12/29/2022,Philippines,mdecourcyhq,amacartehq@t.co,32886
3/14/2023,China,cpeakerhr,lstaniforthhr@pbs.org,83279
10/7/2022,Chile,gebournehs,lfodenhs@nba.com,27730
1/10/2023,Mexico,nkonradht,nthorowgoodht@google.pl,28258
8/11/2023,Mexico,brieplhu,ebarthothu@quantcast.com,87792
11/5/2022,Japan,rwingeathv,krimingtonhv@chron.com,40457
7/3/2023,Pakistan,rraistonhw,rsignehw@parallels.com,73268
10/20/2022,Peru,obarkworthhx,kmacgiollapheadairhx@youku.com,29956
5/21/2023,Poland,csnookhy,tblowershy@technorati.com,63152
1/11/2023,Sweden,gspybyhz,jjeryhz@slashdot.org,15742
8/6/2023,China,lglauberi0,shabeshawi0@google.de,15604
11/4/2022,Brazil,raveyi1,ecarlissoi1@topsy.com,77751
2/5/2023,China,dbayldoni2,kgimbleti2@uol.com.br,79137
4/2/2023,China,aalmondi3,smossi3@about.me,18795
8/21/2023,China,emicoi4,sgrovehami4@desdev.cn,92223
5/19/2023,Argentina,jheffernoni5,dtuxilli5@bigcartel.com,88415
1/5/2023,China,agussiei6,jboorni6@dell.com,26672
12/2/2022,Brazil,cdringi7,lbenoyi7@usda.gov,26811
10/7/2022,China,rcoveti8,dgrisei8@blinklist.com,62717
1/24/2023,Indonesia,kgoodai9,cmaffeoi9@berkeley.edu,1058
12/6/2022,Albania,afirmania,rpocknollia@nyu.edu,47706
12/8/2022,Poland,sgeikieib,gcattonib@un.org,25765
10/17/2022,China,rjocicic,abaggettic@addthis.com,8993
5/7/2023,Brazil,bnucciottiid,lvasyaevid@ezinearticles.com,69720
7/16/2023,China,lcommucciie,bdeevesie@canalblog.com,2507
10/20/2022,Philippines,fkarpetsif,dgradyif@mit.edu,28549
7/9/2023,Philippines,rdeeproseig,rmcenteeig@latimes.com,65806
4/7/2023,Sweden,vmcwilliamih,wchartersih@shop-pro.jp,99129
7/3/2023,Mexico,hblacklerii,ljearyii@privacy.gov.au,19481
12/15/2022,Sweden,wcanacottij,jmorseij@soundcloud.com,61375
5/26/2023,Togo,fcatlingik,tmedgewickik@php.net,27471
7/11/2023,China,gwarneril,dsimmenil@usatoday.com,20809
10/10/2022,United States,mcradocim,fdeambrosisim@behance.net,97991
9/21/2023,China,gheiglin,dbeakin@ebay.co.uk,85141
11/7/2022,China,mpipesio,hduckerinio@arizona.edu,43072
11/23/2022,Kuwait,lchampneyip,aferrottiip@scientificamerican.com,69730
9/17/2023,Gambia,gyonnieiq,csemerediq@vk.com,13617
3/21/2023,Costa Rica,fkirlinir,lchristonir@wordpress.com,75005
7/27/2023,United States,fslydeis,dklemencicis@goodreads.com,76682
2/2/2023,Russia,gkernockeit,lzeplinit@jimdo.com,20815
11/25/2022,Brazil,kpennockiu,mmarriageiu@storify.com,58804
6/19/2023,France,ptheakeriv,vchooteriv@youku.com,61783
6/30/2023,Brazil,hshillomiw,elabiniw@meetup.com,9853
6/3/2023,China,dovanesianix,mtiuitix@cam.ac.uk,24779
11/8/2022,Russia,schinnickiy,gmoulsdalliy@narod.ru,95211
10/18/2022,Russia,apoldingiz,bjosefssoniz@seattletimes.com,60569
4/19/2023,Czech Republic,wmardollj0,nlangtryj0@digg.com,49219
4/13/2023,Peru,kmacbarronj1,jbarokj1@omniture.com,94371
6/29/2023,Indonesia,ygoodwinsj2,lmosconej2@qq.com,12317
7/24/2023,Chile,dbluesj3,aneseyj3@zimbio.com,11953
8/12/2023,Indonesia,ccloneyj4,ngleadhellj4@microsoft.com,57062
6/22/2023,Indonesia,aruxtonj5,kclaraej5@jigsy.com,33434
2/2/2023,Finland,grosendallj6,wtempletonj6@nba.com,23451
11/5/2022,United States,mgoldsackj7,mkeedwellj7@hao123.com,86307
11/21/2022,Norway,mhennerj8,jmacenzyj8@ucsd.edu,29830
2/15/2023,Indonesia,lgazej9,lsandefordj9@zdnet.com,25922
6/20/2023,Ireland,mbraddja,alongthorneja@live.com,56418
11/15/2022,Estonia,kchittemjb,gtrinderjb@seattletimes.com,9606
7/13/2023,Serbia,hjemmisonjc,ncamblingjc@baidu.com,17076
8/22/2023,Morocco,tferrandezjd,rtollejd@redcross.org,51349
1/4/2023,Czech Republic,aearieje,ltollerfieldje@vistaprint.com,12190
2/23/2023,United States,wrosenfieldjf,adrewelljf@t-online.de,86556
3/14/2023,Colombia,crenolsjg,lsibbaldjg@mac.com,64026
11/22/2022,Indonesia,rfindlowjh,frouxjh@aboutads.info,9714
6/5/2023,Indonesia,nturgooseji,dcobbji@alibaba.com,35855
7/25/2023,Mongolia,ldowthwaitejj,epeabodyjj@home.pl,33246
3/5/2023,Luxembourg,akeppinjk,lnandjk@youku.com,26468
2/2/2023,China,raytonjl,sroslingjl@php.net,63056
4/23/2023,Kazakhstan,eargilejm,nsayesjm@mayoclinic.com,127
1/16/2023,Indonesia,gshavesjn,cshottonjn@mail.ru,48646
2/11/2023,Russia,amobberleyjo,hjemmettjo@sitemeter.com,94798
3/30/2023,Mexico,sburnipjp,bdetocjp@mozilla.com,567
10/16/2022,Russia,fkeetonjq,pwallikerjq@mtv.com,82967
2/28/2023,Russia,sweardenjr,aomarajr@oakley.com,27265
8/21/2023,Greece,mhendricksonjs,hconrejs@dagondesign.com,86479
1/9/2023,Russia,pjonkjt,eguinnjt@canalblog.com,33465
5/28/2023,Somalia,gbrumheadju,mewebankju@senate.gov,89870
12/17/2022,Saudi Arabia,nnutbeemjv,swaterstonejv@blogtalkradio.com,80832
2/19/2023,China,rdavidowjw,lmcpaikejw@yellowbook.com,12672
9/5/2023,Malaysia,iirnysjx,lcraftjx@ed.gov,4378
10/25/2022,China,lsulleyjy,nwilcinskisjy@wikimedia.org,70001
4/11/2023,South Africa,tdurwardjz,mromeijz@youtube.com,34386
5/17/2023,Indonesia,mshrubshallk0,lscoulerk0@yandex.ru,71235
12/29/2022,China,eeveringtonk1,ckuhnhardtk1@nifty.com,61152
9/2/2023,Poland,arisbroughk2,sseggek2@xinhuanet.com,2115
2/24/2023,Indonesia,rmacdermandk3,dtowlek3@joomla.org,34092
8/5/2023,France,caizikovitzk4,eperrink4@howstuffworks.com,63597
6/22/2023,China,arichingsk5,wbaggottk5@twitter.com,99076
8/7/2023,Cuba,amiltonwhitek6,lvickarsk6@ebay.com,63375
3/17/2023,Colombia,strankk7,bdodameadk7@japanpost.jp,4346
4/15/2023,France,cmachank8,vpicklessk8@blogger.com,9833
3/28/2023,China,apaladinok9,bstroulgerk9@goo.gl,88316
9/27/2023,Indonesia,toxtarbyka,ehartingtonka@mozilla.org,28710
8/4/2023,Poland,hfergiekb,bfahykb@seesaa.net,72800
1/3/2023,Sweden,malvykc,shugillkc@walmart.com,29791
7/2/2023,Bulgaria,achurchmankd,bbortolikd@t-online.de,23912
9/21/2023,France,edelucake,rdibbske@4shared.com,5279
6/6/2023,Sweden,jtarbinkf,jnevillekf@ovh.net,73243
3/30/2023,Philippines,sgarterykg,rseckomkg@mapquest.com,62852
11/10/2022,France,crufflikh,dgatisskh@behance.net,21914
11/25/2022,South Africa,chachardki,mdobrowolskiki@imgur.com,76604
7/6/2023,China,asimoneaukj,gperelkj@apple.com,68977
6/12/2023,Democratic Republic of the Congo,vthorndycraftkk,lsouthcottkk@dailymotion.com,78985
2/11/2023,Russia,athewlesskl,nkeelykl@ycombinator.com,89465
11/14/2022,China,rgillowkm,cmcrorykm@un.org,4312
9/27/2023,China,rwilkinsonkn,aweildkn@drupal.org,828
7/24/2023,Japan,nmintramko,gsinnatko@comsenz.com,3908
8/9/2023,China,bfolkerdkp,kcastanekp@goo.ne.jp,65640
7/14/2023,Pakistan,btiltekq,cbruckenthalkq@linkedin.com,80696
12/5/2022,Indonesia,hluckenkr,aaddicotekr@dedecms.com,53073
1/14/2023,China,bgulleyks,ktuplinks@mapy.cz,75687
11/29/2022,Norway,lhuertaskt,rkikekt@devhub.com,64741
11/17/2022,United States,cdillintoneku,ecaccavariku@surveymonkey.com,88700
7/24/2023,United States,dcruddaskv,crylstonekv@comcast.net,40036
11/29/2022,Philippines,ndelberguekw,obroxiskw@mapy.cz,99477
1/18/2023,Macedonia,myggokx,nwhitnellkx@addthis.com,6356
6/8/2023,Argentina,lollerky,rsideryky@storify.com,73310
4/28/2023,China,vbevillekz,nblasiuskz@vistaprint.com,92884
6/29/2023,Philippines,mbiffenl0,gpiesoldl0@slate.com,75293
11/29/2022,Iran,mdriuttil1,ktodarinil1@wisc.edu,94264
8/29/2023,Sweden,ahasslocherl2,spindredl2@creativecommons.org,72533
1/21/2023,China,esleemanl3,mkempsterl3@123-reg.co.uk,87188
7/27/2023,Syria,cbonil4,cwhitebrookl4@biblegateway.com,52274
3/5/2023,Sweden,cgippsl5,bciciural5@baidu.com,68791
8/10/2023,Philippines,gpandeyl6,npiscol6@pbs.org,75607
9/16/2023,Peru,ataplinl7,prossanderl7@ft.com,84641
4/16/2023,Indonesia,wjulyanl8,chullesl8@army.mil,20557
6/13/2023,Brazil,kspraggsl9,cedingtonl9@360.cn,32083
8/23/2023,China,hkobierala,psiwardla@bizjournals.com,11964
2/3/2023,China,vkirkhouselb,sfairhurstlb@fotki.com,41550
4/11/2023,Brazil,zcornierlc,mlewrylc@ft.com,8597
12/8/2022,Vietnam,hcokerld,pvenardld@de.vu,66478
10/24/2022,China,nmilkinsle,sanglessle@posterous.com,465
8/18/2023,China,shucquartlf,tpettingalllf@umn.edu,30999
6/8/2023,Lithuania,mmanchettlg,bscandwrightlg@vimeo.com,50118
8/13/2023,China,vticklelh,ttolussilh@myspace.com,95710
5/9/2023,China,sadderleyli,wdominiqueli@aol.com,45721
12/17/2022,China,avearnalslj,cgeanylj@china.com.cn,86910
1/16/2023,New Zealand,daldinelk,meschlk@google.cn,48426
3/10/2023,France,dbeckleyll,fhardwickell@barnesandnoble.com,83667
11/23/2022,Philippines,hlynocklm,owilfingerlm@youtu.be,43998
9/17/2023,United States,atabbln,hurenln@delicious.com,13742
1/20/2023,China,kpethicklo,cpascheklo@domainmarket.com,6617
5/5/2023,Belarus,kcapelofflp,aodgerlp@weebly.com,63326
2/16/2023,Nigeria,ksemeradovalq,edobbslq@cbsnews.com,13623
6/8/2023,Colombia,ccavnorlr,kshillingtonlr@ucoz.ru,54278
3/19/2023,Croatia,kpoxsonls,ukrishtopaittisls@cloudflare.com,68527
11/15/2022,Tunisia,dlathelt,gchalderlt@columbia.edu,35082
11/21/2022,China,cchampnisslu,lrodderlu@ucsd.edu,39989
8/14/2023,Belarus,mclemersonlv,mscanderetlv@washingtonpost.com,60723
10/5/2022,Mexico,sclapsonlw,rbartroplw@rakuten.co.jp,84811
12/11/2022,Indonesia,ccluattlx,mwandtkelx@youtube.com,36595
4/26/2023,Colombia,mkrinksly,kmilesoply@sitemeter.com,56653
8/22/2023,Nigeria,oedworthyelz,tmattackslz@stumbleupon.com,6637
10/25/2022,Poland,afassmanm0,tchatresm0@ihg.com,55259
3/21/2023,Peru,rloguem1,athumnelm1@last.fm,89044
9/19/2023,Indonesia,cailwardm2,evanbrugm2@disqus.com,8376
7/6/2023,Greece,hfollenm3,banglinm3@zimbio.com,28273
12/24/2022,Russia,cwinskillm4,fkelledym4@nytimes.com,41687
5/5/2023,Portugal,jcriellym5,blennonm5@constantcontact.com,6426
4/6/2023,China,ascaleram6,ameldingm6@bluehost.com,18940
12/22/2022,Netherlands,pseam7,bgarnettm7@woothemes.com,21912
1/18/2023,Indonesia,crittmeyerm8,lkellogm8@prnewswire.com,2571
7/31/2023,Portugal,jruggm9,vreyem9@hubpages.com,98617
6/7/2023,Moldova,gsirlma,ldiversma@jugem.jp,97717
7/27/2023,Russia,fcounihanmb,agoldemb@wunderground.com,40733
5/7/2023,South Africa,bhornbucklemc,zchatterismc@upenn.edu,32489
9/28/2023,Indonesia,janderschmd,ghargatemd@lulu.com,71979
11/29/2022,Tokelau,sgawlerme,mskellingtonme@virginia.edu,39894
4/5/2023,Poland,rphilcockmf,clacrocemf@etsy.com,76503
2/13/2023,Sweden,bissacoffmg,mweinmg@wp.com,76047
6/14/2023,Poland,bhavockmh,fpozzomh@addthis.com,77878
10/26/2022,United States,kpescottmi,speniellomi@thetimes.co.uk,67849
7/26/2023,Poland,rmckeandmj,dtreadgoldmj@wufoo.com,82144
9/12/2023,China,smcleishmk,smcgrortymk@businessinsider.com,66939
6/27/2023,Mexico,mmogerml,nphipsonml@t.co,85647
12/30/2022,Sweden,vbloodworthmm,rskeelesmm@google.ru,6990
6/3/2023,China,odarrigonemn,qswindellsmn@usda.gov,95224
11/28/2022,Sweden,mdomokosmo,hsimmancemo@youtube.com,81741
2/16/2023,China,cfrankhammp,gwylemanmp@addthis.com,4322
2/1/2023,Brazil,mbrunsenmq,cpressliemq@wix.com,40016
1/3/2023,Indonesia,spratleymr,cdumbreckmr@miitbeian.gov.cn,12836
7/7/2023,Pakistan,mcaesmanms,ykentms@privacy.gov.au,21097
2/7/2023,Pakistan,aguerinmt,nhawfordmt@upenn.edu,19776
1/26/2023,France,lvarleymu,bmussardmu@prweb.com,71090
6/6/2023,Peru,mhayllermv,gstonesmv@ucsd.edu,3925
7/2/2023,Czech Republic,cthrelfallmw,jbaglinmw@gravatar.com,70700
7/26/2023,Syria,ktorbettmx,kbilbymx@slate.com,53379
9/10/2023,Bosnia and Herzegovina,kcasillismy,bpellamonutenmy@csmonitor.com,1387
1/3/2023,United States,rmcshirriemz,gfrithmz@apache.org,74293
8/31/2023,China,meverlyn0,amalamn0@dell.com,79946
6/5/2023,China,klopen1,jsiden1@disqus.com,35543
11/28/2022,Russia,kczaplen2,kgraffinn2@google.es,36153
7/31/2023,China,bchantillonn3,zwooddissen3@slashdot.org,37770
10/29/2022,Indonesia,bkasbyen4,rlilywhiten4@youtu.be,79464
5/29/2023,Tunisia,ttremmiln5,myashuninn5@home.pl,88231
5/20/2023,Indonesia,lswabeyn6,adeaguirren6@dailymail.co.uk,37159
2/9/2023,China,rsalzburgn7,baskhamn7@eventbrite.com,89220
8/3/2023,Portugal,gthwaitesn8,kchinnn8@cdbaby.com,28371
8/21/2023,Philippines,mhogsdenn9,mbynethn9@addthis.com,46815
4/27/2023,Philippines,ehodgenna,sgallellina@goo.gl,18072
10/14/2022,Ukraine,fcrispenb,colpinnb@sfgate.com,63045
6/13/2023,Philippines,gmokesnc,cbarrowcliffnc@elpais.com,24575
3/26/2023,South Africa,bklaffnd,larthursnd@gravatar.com,16463
3/25/2023,Poland,afussenne,nbielfeltne@naver.com,55
7/17/2023,Thailand,tstebbinsnf,ogunbienf@indiatimes.com,51704
12/14/2022,Philippines,vheinsenng,oclealng@ucoz.com,22855
1/13/2023,China,ablondellenh,gberthotnh@mapy.cz,50218
1/19/2023,Philippines,acrudgingtonni,ltreebyni@economist.com,73253
8/23/2023,China,agoldstonnj,atrainnj@bandcamp.com,18457
2/3/2023,Russia,acolcloughnk,roshevlinnk@ox.ac.uk,73438
5/6/2023,Ethiopia,cpudennl,hbenoixnl@cyberchimps.com,49934
8/13/2023,United States,rhargrovenm,atedmannm@bloomberg.com,25848
11/27/2022,Tanzania,obrunnennn,amorrelnn@fda.gov,86551
9/29/2023,Nicaragua,hdavetno,cberino@nsw.gov.au,71870
10/9/2022,Belgium,aricenp,aistonnp@patch.com,59186
9/12/2023,Russia,awhitingnq,atomankowskinq@techcrunch.com,7519
10/18/2022,China,gpippardnr,kmabonenr@wordpress.org,9097
8/30/2023,Indonesia,pricharzns,kfennellyns@seattletimes.com,67946
1/6/2023,Comoros,sberint,dstaveleynt@sitemeter.com,76137
11/6/2022,China,mtubblenu,idiantonionu@utexas.edu,49355
9/17/2023,Indonesia,sredmondnv,mjoyseynv@businessweek.com,86015
3/22/2023,Czech Republic,skienlenw,ggerreltnw@ucsd.edu,92222
7/18/2023,Sri Lanka,kmcdermidnx,esporenx@reference.com,76105
5/29/2023,Philippines,cfarnonny,ldurnillny@posterous.com,26042
9/23/2023,Indonesia,mcoupernz,lgudgenz@answers.com,78989
9/25/2023,France,gbolino0,abendtseno0@biglobe.ne.jp,4691
3/27/2023,Ukraine,llaidelo1,cdunstallo1@usatoday.com,87852
5/14/2023,Indonesia,mmcmastero2,gfidello2@angelfire.com,87875
10/25/2022,China,ptarro3,derrichellio3@4shared.com,62917
6/24/2023,Indonesia,hbousfieldo4,pliddiardo4@icio.us,28694
12/27/2022,Poland,hcroppero5,adowearso5@webs.com,67505
2/20/2023,Indonesia,mrattenburyo6,gcamfieldo6@woothemes.com,92426
6/15/2023,Indonesia,ejohnyso7,lpeachmano7@blinklist.com,61877
6/7/2023,China,escaddono8,lkneelo8@columbia.edu,25184
11/7/2022,Indonesia,gsyrado9,bcavendisho9@wikimedia.org,68525
3/19/2023,Brazil,sheppneroa,wwetheredoa@amazonaws.com,61862
1/18/2023,Turkmenistan,clegginob,bbiaggettiob@ow.ly,78142
2/7/2023,Bulgaria,edevuystoc,amcatamneyoc@example.com,68575
7/2/2023,Indonesia,pendricciod,fboughtonod@si.edu,66202
2/22/2023,Russia,emandrakeoe,vimrieoe@cdc.gov,80669
11/26/2022,China,tvenessof,ttrimbleof@biblegateway.com,18272
3/9/2023,Iran,omulvaneyog,lhaddacksog@4shared.com,7558
12/18/2022,Indonesia,ekarlowiczoh,jmccooloh@eventbrite.com,78216
4/25/2023,China,blinsteroi,dvaninioi@china.com.cn,56505
2/5/2023,Tunisia,jstickinsoj,bharkoj@ameblo.jp,54764
1/6/2023,Russia,ssarfasok,lockwellok@umn.edu,36980
11/25/2022,Iran,ageverol,mgwatkinsol@dagondesign.com,63338
12/16/2022,Canada,jmannersom,nmcilvaneyom@mac.com,73617
9/15/2023,China,mackeryon,mjosefsohnon@buzzfeed.com,89304
4/8/2023,Indonesia,pgraaloo,ktantumoo@mac.com,11460
10/5/2022,Indonesia,swalbrookop,dgadieop@pcworld.com,88617
7/7/2023,Peru,magettoq,tcruwysoq@apache.org,45680
2/14/2023,Indonesia,amatzenor,bbrimmor@tripadvisor.com,68535
4/18/2023,China,rgregoraceos,ajeacockos@state.tx.us,97734
4/11/2023,Portugal,cmckilroeot,kformanot@whitehouse.gov,66068
4/17/2023,Colombia,cpashbeeou,scloughou@bluehost.com,14472
1/25/2023,Brazil,mdantesiaov,mbrissardov@timesonline.co.uk,66909
9/29/2023,Mexico,kmoncasterow,alotzeow@vk.com,6987
5/13/2023,Colombia,abethoox,zcameliaox@smh.com.au,33915
1/21/2023,Greece,asuthernsoy,jansleyoy@chronoengine.com,15547
6/20/2023,China,cotteridgeoz,nmelloz@disqus.com,47204
7/24/2023,China,mreisp0,lmckeveneyp0@wufoo.com,42927
3/7/2023,China,vkonradp1,mnapletonp1@hubpages.com,73225
6/8/2023,Portugal,bstriblingp2,zmangenetp2@ocn.ne.jp,39191
11/18/2022,China,sbenettinip3,reannettap3@dagondesign.com,88705
11/24/2022,Poland,hmcmylorp4,ytabourinp4@photobucket.com,35543
1/1/2023,Azerbaijan,brobbiep5,rbuyp5@amazon.co.jp,79659
6/10/2023,Philippines,ssouthornp6,ykemmonsp6@arizona.edu,72634
8/30/2023,France,whaszardp7,dgoncalop7@freewebs.com,99754
12/12/2022,Bulgaria,gtuckwellp8,cstanilandp8@freewebs.com,72494
6/27/2023,Malawi,dvaladezp9,msheringhamp9@bloomberg.com,24195
3/12/2023,Ukraine,cwoolfendenpa,vpabstpa@omniture.com,63465
2/9/2023,Brazil,sbarstockpb,cmcnuffpb@t.co,80937
8/10/2023,Kazakhstan,zstreatherpc,tmoncktonpc@dedecms.com,35224
10/10/2022,Portugal,ghallockpd,cwebsterpd@mayoclinic.com,98177
9/7/2023,Thailand,rbattlesonpe,twessonpe@privacy.gov.au,80580
9/18/2023,Peru,rmackledenpf,alaweypf@samsung.com,2106
10/22/2022,United States,edecavillepg,dyitzowitzpg@spiegel.de,45804
5/22/2023,China,lhelgassph,rbuddlesph@deliciousdays.com,26163
10/21/2022,Togo,ogrevilepi,plenevepi@vinaora.com,56591
3/18/2023,Argentina,nleishmanpj,eprettymanpj@boston.com,68800
12/2/2022,Indonesia,wtibolspk,qkyndredpk@who.int,40768
6/26/2023,Canada,bedkinspl,dgentlepl@dedecms.com,7571
7/31/2023,Vietnam,cbryantpm,jgregolettipm@nhs.uk,48701
9/12/2023,Morocco,bcoltenpn,pancliffpn@hexun.com,50576
4/5/2023,Indonesia,aarchdecknepo,atolertonpo@facebook.com,58458
8/17/2023,Portugal,lyeatespp,jdatepp@umich.edu,52758
3/1/2023,Poland,cburfootpq,erosanderpq@yellowpages.com,5870
11/30/2022,Brazil,mmattinpr,vgowlandpr@163.com,65789
6/4/2023,Ukraine,aleckeyps,koggerps@mapy.cz,73114
6/13/2023,Croatia,cduchateaupt,abreckonpt@networkadvertising.org,8282
3/7/2023,Brazil,fkochepu,fneavespu@eepurl.com,40349
6/24/2023,Belarus,kworleypv,fsimenelpv@senate.gov,71712
8/3/2023,Malaysia,hmcphersonpw,ckitteridgepw@prnewswire.com,68113
10/19/2022,Mauritius,fkedsliepx,tdreganpx@reddit.com,83283
4/15/2023,China,rmcomishpy,pdevallpy@google.com.br,54113
11/24/2022,Philippines,wgounypz,hjewsterpz@naver.com,22820
5/22/2023,Indonesia,adumphreysq0,djealousq0@sphinn.com,59844
2/13/2023,Vietnam,anobrigaq1,agiamuzzoq1@globo.com,44363
5/23/2023,Tunisia,bdunkerlyq2,dmcorkilq2@yahoo.co.jp,74369
8/8/2023,Ivory Coast,jflipekq3,eknellenq3@oaic.gov.au,34793
4/1/2023,Russia,jkropq4,jivonsq4@mapquest.com,22149
3/30/2023,France,gchannerq5,uaristideq5@elegantthemes.com,26937
8/14/2023,Portugal,equinq6,pbeevisq6@wufoo.com,38222
6/5/2023,Brazil,dgareisrq7,teverallq7@smh.com.au,49236
7/12/2023,China,kreddellq8,mpanswickq8@toplist.cz,63055
11/23/2022,Zambia,acritchleyq9,kbroschkeq9@unblog.fr,55740
8/23/2023,Indonesia,jandrosikqa,cbalderstoneqa@baidu.com,672
7/23/2023,China,balexanderqb,eodgerqb@nymag.com,62719
9/7/2023,Russia,ktheriotqc,flednerqc@twitpic.com,55717
1/1/2023,Brazil,kdossetterqd,rnovotnaqd@delicious.com,66653
11/23/2022,Malaysia,spalffyqe,amaldinqe@xing.com,92906
8/14/2023,Philippines,bsifletqf,rgibbenqf@quantcast.com,52280
6/5/2023,China,sshreevesqg,abyromqg@php.net,28814
7/13/2023,Belarus,salevequeqh,twalderaqh@prweb.com,28075
7/8/2023,Serbia,nsethqi,dmellerqi@foxnews.com,73081
1/28/2023,Togo,apymarqj,nroscoeqj@sphinn.com,46825
12/16/2022,Portugal,aperinqk,fgrundellqk@vk.com,60893
5/14/2023,Macedonia,dtowlsonql,lsprasonql@gizmodo.com,60738
5/28/2023,Poland,jlamymanqm,mlearmonthqm@zimbio.com,20366
6/19/2023,Thailand,atootingqn,lpardiqn@google.com.au,27529
11/28/2022,Peru,jlinkieqo,acolatonqo@networkadvertising.org,65882
6/21/2023,Thailand,vbishqp,mpischelqp@bloglovin.com,21176
5/20/2023,China,fdomerqqq,abainbriggeqq@slashdot.org,34694
1/22/2023,Philippines,mmeadmoreqr,lburgillqr@bloglovin.com,13125
5/22/2023,Argentina,tscheffelqs,ncrookstonqs@cisco.com,99548
7/5/2023,Indonesia,bbellefonteqt,ksilvesterqt@bizjournals.com,2849
6/30/2023,China,ktrayfordqu,apeplawqu@soundcloud.com,90967
11/25/2022,Nigeria,mstenbridgeqv,apettyqv@comsenz.com,75933
4/5/2023,Iran,pecclesqw,epaikqw@google.ca,67872
1/19/2023,Czech Republic,dhandforthqx,yprandiniqx@ucoz.ru,76278
8/7/2023,France,egraysmarkqy,hdykinsqy@etsy.com,45466
7/18/2023,Russia,fsetfordqz,jballeineqz@tumblr.com,76242
4/6/2023,France,mhebronr0,pbridatr0@narod.ru,74484
2/20/2023,China,fsealeyr1,gcanningr1@liveinternet.ru,23620
10/29/2022,Thailand,mmandrer2,slasslettr2@ameblo.jp,85444
10/14/2022,Sweden,wcoathupr3,ebartalotr3@woothemes.com,32918
4/20/2023,Estonia,jbrehatr4,aashworthr4@tiny.cc,99181
8/19/2023,South Africa,llawlorr5,elambrechtsr5@foxnews.com,67827
5/12/2023,Kyrgyzstan,tgoldingr6,owicklinr6@bravesites.com,30304
5/22/2023,Indonesia,eabrahmerr7,aiacobassir7@shutterfly.com,36161
9/3/2023,Portugal,fthrustler8,jewbanksr8@home.pl,4161
11/15/2022,China,fschechterr9,rbaldreyr9@fema.gov,51383
3/17/2023,Colombia,jdightra,dmorrellra@unblog.fr,5966
3/6/2023,Croatia,wlempertzrb,rmacurarb@nih.gov,39020
1/31/2023,France,aatteridgerc,tjohanssenrc@mtv.com,70505
1/28/2023,Mongolia,mlagadurd,mbonnesenrd@businessweek.com,88089
5/14/2023,China,ajaradre,brampleere@dailymotion.com,74580
8/16/2023,Ukraine,mbromehedrf,dbennetrf@squidoo.com,64047
6/15/2023,Iceland,wlegenrg,bfauguelrg@hp.com,19377
4/10/2023,Indonesia,ccastellettirh,gmorfellrh@fastcompany.com,60074
5/1/2023,Indonesia,ntinemanri,pbettri@microsoft.com,41437
1/18/2023,China,bformbyrj,hspringallrj@rediff.com,93009
2/26/2023,Indonesia,cgillamrk,hlewinsrk@cargocollective.com,31592
5/15/2023,Philippines,ckerfodrl,hburressrl@mtv.com,41692
6/14/2023,China,bkimburyrm,aibbsrm@scribd.com,35962
5/1/2023,China,jjannaschrn,nbowdlerrn@flavors.me,47996
12/12/2022,Indonesia,kmacfarlanero,bbourhillro@4shared.com,23711
4/17/2023,Panama,jjewksrp,dwhysallrp@ow.ly,83439
12/28/2022,Indonesia,cbaudetrq,nguerryrq@g.co,59707
3/10/2023,China,cradbornrr,adownsrr@unc.edu,81201
